period,date,blue_ball,sales,prize_pool,red_ball_1,red_ball_2,red_ball_3,red_ball_4,red_ball_5,red_ball_6
2021128,2021-11-09(二),4,349441520,920399839,5,17,20,21,23,33
2021129,2021-11-11(四),10,365299936,929943762,4,15,21,27,28,29
2021130,2021-11-14(日),6,398037824,914060182,8,9,15,24,26,30
2021131,2021-11-16(二),1,465860738,957547844,8,11,18,19,20,24
2021132,2021-11-18(四),8,490071244,973341811,1,4,6,14,20,28
2021133,2021-11-21(日),10,511607016,994690824,1,3,12,19,27,31
2021134,2021-11-23(二),8,472467398,1015069784,1,2,16,19,25,31
2021135,2021-11-25(四),4,486663630,1118152404,3,10,17,19,21,31
2021136,2021-11-28(日),16,517068910,1148127692,2,6,9,15,19,28
2021137,2021-11-30(二),1,474456734,1127353431,3,7,10,14,21,24
2021138,2021-12-02(四),9,486491502,1065047563,11,14,15,16,27,32
2021139,2021-12-05(日),1,531219172,1090940461,12,14,19,23,24,27
2021140,2021-12-07(二),1,479975520,1066087178,5,10,16,26,27,33
2021141,2021-12-09(四),10,483132724,1099283201,1,14,19,23,26,30
2021142,2021-12-12(日),16,509166454,1142703731,4,7,17,19,20,24
2021143,2021-12-14(二),9,475857912,1002138181,1,9,11,13,20,29
2021144,2021-12-16(四),7,483556078,1036483149,2,5,13,15,23,26
2021145,2021-12-19(日),9,517254362,1064375720,4,7,10,14,16,26
2021146,2021-12-21(二),3,480619582,1107375000,7,9,21,22,26,32
2021147,2021-12-23(四),9,457370132,1099867308,5,10,11,13,27,28
2021148,2021-12-26(日),8,459686850,1117570138,10,12,15,17,19,20
2021149,2021-12-28(二),5,425925826,1140585301,5,10,15,18,19,32
2021150,2021-12-30(四),4,456402254,1022824601,9,14,20,21,24,26
2022001,2022-01-02(日),3,447434510,1079698248,6,13,15,17,20,21
2022002,2022-01-04(二),8,408646714,1091513907,2,12,21,23,25,31
2022003,2022-01-06(四),6,410382612,1108650848,2,5,16,17,18,30
2022004,2022-01-09(日),14,441401912,1091893203,5,19,24,28,30,32
2022005,2022-01-11(二),16,388503758,1156142875,7,10,12,16,19,31
2022006,2022-01-13(四),2,389820756,1172781808,3,6,9,15,22,31
2022007,2022-01-16(日),16,417998504,1254497537,1,20,22,23,25,28
2022008,2022-01-18(二),13,377713752,1295623770,2,3,7,9,20,21
2022009,2022-01-20(四),16,381172430,1375659920,4,15,17,19,25,28
2022010,2022-01-23(日),15,403819420,1396071026,12,18,19,20,21,32
2022011,2022-01-25(二),15,379627650,1445932371,6,15,23,24,25,33
2022012,2022-01-27(四),1,432967098,1457999052,4,7,8,29,30,31
2022013,2022-02-08(二),15,376000418,1526180218,2,3,4,7,10,18
2022014,2022-02-10(四),4,353937416,1544973715,6,7,13,14,15,27
2022015,2022-02-13(日),7,387014176,1541699154,6,14,16,27,28,31
2022016,2022-02-15(二),14,370604868,1515799969,5,10,19,20,29,31
2022017,2022-02-17(四),7,367332144,1541904440,6,9,24,29,30,32
2022018,2022-02-20(日),16,392699896,1612631799,7,11,16,17,30,32
2022019,2022-02-22(二),8,374092592,1587422145,5,6,14,20,21,25
2022020,2022-02-24(四),1,376104336,1660696455,9,11,14,22,30,32
2022021,2022-02-27(日),14,413793268,1653333569,3,7,22,24,26,31
2022022,2022-03-01(二),6,374172850,1651680455,1,7,11,15,17,19
2022023,2022-03-03(四),2,386299738,1667173674,7,12,17,19,24,25
2022024,2022-03-06(日),15,412478136,1733800692,7,9,10,14,19,24
2022025,2022-03-08(二),4,380028752,1800801596,6,19,24,25,28,32
2022026,2022-03-10(四),2,390646552,1820096321,3,4,10,15,22,24
2022027,2022-03-13(日),9,407429120,1850108360,14,15,18,19,26,32
2022028,2022-03-15(二),9,359741624,1854403191,5,11,20,22,23,29
2022029,2022-03-17(四),8,354275468,1840565291,3,8,10,13,26,32
2022030,2022-03-20(日),5,376910184,1797209652,12,23,24,26,27,30
2022031,2022-03-22(二),7,353060708,1696267600,1,10,11,22,26,32
2022032,2022-03-24(四),7,365937174,1723412804,4,10,11,14,23,32
2022033,2022-03-27(日),5,392018786,1724489453,5,12,19,22,25,26
2022034,2022-03-29(二),10,361289854,1729816605,14,17,26,31,32,33
2022035,2022-03-31(四),15,353577746,1736599330,8,12,13,19,23,25
2022036,2022-04-03(日),2,362126634,1760101650,2,3,14,16,26,31
2022037,2022-04-05(二),14,332623306,1812767035,1,10,13,20,22,32
2022038,2022-04-07(四),4,348860576,1841833878,9,12,13,16,24,32
2022039,2022-04-10(日),5,375104494,1873384741,2,6,7,10,15,20
2022040,2022-04-12(二),12,343211044,1832633915,3,12,14,16,31,33
2022041,2022-04-14(四),14,348280000,1878895566,5,7,21,22,24,29
2022042,2022-04-17(日),13,376726628,1885518647,5,10,11,21,22,30
2022043,2022-04-19(二),8,350215018,1883060805,2,17,20,23,25,27
2022044,2022-04-21(四),6,362459788,1872712376,1,7,8,21,23,29
2022045,2022-04-24(日),4,389120778,1885303642,3,12,17,18,19,28
2022046,2022-04-26(二),14,358743356,1901913181,2,11,24,25,27,30
2022047,2022-04-28(四),9,360230056,1833014021,3,7,8,14,27,30
2022048,2022-05-01(日),14,357972850,1882359418,5,7,17,20,26,31
2022049,2022-05-03(二),10,337463590,1949357745,2,4,7,18,25,26
2022050,2022-05-05(四),8,363371278,1916892944,3,5,8,14,27,33
2022051,2022-05-08(日),1,389679034,1951616776,2,5,11,17,21,33
2022052,2022-05-10(二),15,359187786,1997206997,7,24,27,29,31,32
2022053,2022-05-12(四),15,356510652,2046352325,10,14,18,23,27,33
2022054,2022-05-15(日),11,391678014,1941352325,8,12,21,27,28,33
2022055,2022-05-17(二),3,350153658,1971539174,2,4,9,26,28,33
2022056,2022-05-19(四),15,352329270,2004226992,1,6,11,14,17,26
2022057,2022-05-22(日),16,378857894,2045497453,12,15,20,26,30,33
2022058,2022-05-24(二),1,336926030,2046143432,6,13,14,23,31,33
2022059,2022-05-26(四),6,340378840,1985420373,6,9,18,19,29,33
2022060,2022-05-29(日),1,361140396,2044441141,16,18,19,24,28,32
2022061,2022-05-31(二),6,331252342,2089196019,1,3,16,18,29,33
2022062,2022-06-02(四),5,329515310,2113191829,16,18,20,21,23,33
2022063,2022-06-05(日),11,360023818,2036171824,6,8,9,17,22,31
2022064,2022-06-07(二),16,340689068,2025619908,4,6,12,13,17,31
2022065,2022-06-09(四),2,348395414,2051850948,9,14,18,23,28,31
2022066,2022-06-12(日),9,370987262,1900729226,6,11,14,20,27,30
2022067,2022-06-14(二),15,347891686,1899875782,1,5,13,21,26,29
2022068,2022-06-16(四),6,354071622,1911353650,7,12,15,24,26,29
2022069,2022-06-19(日),8,380359658,1839751672,6,7,13,19,26,29
2022070,2022-06-21(二),2,356598990,1847642672,4,6,9,27,28,33
2022071,2022-06-23(四),1,354289328,1866155263,4,7,15,18,29,33
2022072,2022-06-26(日),12,385506202,1879381753,5,14,15,16,18,32
2022073,2022-06-28(二),12,352213628,1902372906,6,10,14,15,26,29
2022074,2022-06-30(四),15,354915638,1928690407,5,7,15,19,29,33
2022075,2022-07-03(日),10,379959636,1946747172,1,2,4,25,26,30
2022076,2022-07-05(二),2,342718328,1930610784,8,9,10,13,24,29
2022077,2022-07-07(四),16,345118818,1909641199,3,17,18,19,20,27
2022078,2022-07-10(日),9,366650644,1919037561,1,4,5,15,17,31
2022079,2022-07-12(二),16,341273762,1982330237,1,9,15,17,22,23
2022080,2022-07-14(四),4,342797508,1986021667,5,12,15,17,18,27
2022081,2022-07-17(日),1,373064250,2018613381,4,8,11,21,27,30
2022082,2022-07-19(二),14,347371994,2063526963,4,10,11,23,30,32
2022083,2022-07-21(四),5,347550570,2040473284,8,12,13,14,19,20
2022084,2022-07-24(日),9,368808592,2055734480,3,18,23,24,25,32
2022085,2022-07-26(二),13,341538762,2041516396,7,9,14,31,32,33
2022086,2022-07-28(四),11,345421240,2050676797,1,4,8,21,23,24
2022087,2022-07-31(日),8,370042706,2038263308,5,6,9,13,23,25
2022088,2022-08-02(二),6,340253450,1970007210,3,9,15,17,20,22
2022089,2022-08-04(四),15,342434670,2006110048,2,7,15,29,31,33
2022090,2022-08-07(日),7,365943774,1985834009,1,4,25,27,29,30
2022091,2022-08-09(二),10,335981918,1983706692,8,18,20,22,24,28
2022092,2022-08-11(四),11,337222664,1927997908,7,10,16,20,21,27
2022093,2022-08-14(日),14,363673578,1991811868,21,22,24,28,29,32
2022094,2022-08-16(二),2,333751422,2024071723,6,11,13,16,19,31
2022095,2022-08-18(四),8,339954958,2028343930,4,13,14,18,20,28
2022096,2022-08-21(日),7,374401638,1824688735,3,16,17,19,25,33
2022097,2022-08-23(二),14,339168020,1876944863,4,5,10,13,30,31
2022098,2022-08-25(四),5,339839938,1853286941,2,3,4,6,21,33
2022099,2022-08-28(日),15,368635154,1867860655,1,11,23,24,26,32
2022100,2022-08-30(二),15,338953236,1869582122,2,6,7,15,20,21
2022101,2022-09-01(四),4,342584116,1742459306,4,16,18,19,27,28
2022102,2022-09-04(日),14,360805992,1772160912,9,10,12,18,29,32
2022103,2022-09-06(二),10,331343836,1753950406,6,9,12,14,20,28
2022104,2022-09-08(四),1,337087306,1704610228,1,8,19,25,26,31
2022105,2022-09-11(日),15,357410590,1747497631,6,12,13,15,21,23
2022106,2022-09-13(二),1,336123528,1800820638,17,20,22,23,24,31
2022107,2022-09-15(四),16,342747048,1794077479,3,9,11,15,19,28
2022108,2022-09-18(日),15,379260702,1790162397,1,7,13,17,18,31
2022109,2022-09-20(二),11,349805376,1811161575,4,11,13,19,22,33
2022110,2022-09-22(四),15,352346658,1836366779,9,13,15,18,20,28
2022111,2022-09-25(日),1,385923798,1901720272,2,10,11,13,28,31
2022112,2022-09-27(二),1,348893862,1937385782,3,5,8,17,25,31
2022113,2022-09-29(四),2,363604180,1991635746,13,14,20,24,27,29
2022114,2022-10-06(四),13,347069064,1986647604,1,5,15,19,26,29
2022115,2022-10-09(日),9,359461828,1849681926,6,7,18,20,27,29
2022116,2022-10-11(二),1,337975208,1923415752,8,14,26,27,30,33
2022117,2022-10-13(四),6,345578024,1901177457,4,13,17,18,28,29
2022118,2022-10-16(日),8,374309728,1910541782,2,6,7,11,14,33
2022119,2022-10-18(二),4,341495720,1899873541,2,5,15,18,26,27
2022120,2022-10-20(四),2,355500194,1742358177,2,15,19,26,27,29
2022121,2022-10-23(日),2,380066114,1769892531,12,17,22,27,30,31
2022122,2022-10-25(二),5,350001646,1677059125,6,8,17,19,24,28
2022123,2022-10-27(四),5,360850820,1693327054,10,13,16,20,21,25
2022124,2022-10-30(日),1,383396494,1740587803,5,10,13,18,24,26
2022125,2022-11-01(二),16,429659904,1762667038,2,3,7,12,20,31
2022126,2022-11-03(四),13,436137344,1807038683,1,13,15,17,26,33
2022127,2022-11-06(日),13,455409958,1869259580,3,4,9,10,29,33
2022128,2022-11-08(二),1,420999886,1889014542,3,12,18,24,27,29
2022129,2022-11-10(四),7,430007836,1908461423,10,12,14,22,24,27
2022130,2022-11-13(日),12,446023212,1689813201,2,8,15,17,26,28
2022131,2022-11-15(二),6,425292626,1640635486,3,5,10,13,19,29
2022132,2022-11-17(四),4,439981994,1698530418,1,3,18,26,32,33
2022133,2022-11-20(日),12,457083562,1713363599,5,8,16,17,21,25
2022134,2022-11-22(二),14,404859714,1728998506,1,5,14,17,24,31
2022135,2022-11-24(四),6,402652460,1733838061,9,11,13,24,28,32
2022136,2022-11-27(日),8,412826960,1678628784,8,10,14,15,18,22
2022137,2022-11-29(二),1,380398430,1696427005,8,21,23,27,28,33
2022138,2022-12-01(四),11,382295872,1744972360,2,14,19,21,25,28
2022139,2022-12-04(日),14,421220444,1751181135,6,7,9,16,17,19
2022140,2022-12-06(二),15,397499610,1702647485,8,9,18,19,20,27
2022141,2022-12-08(四),14,415110854,1674155872,5,12,13,17,20,27
2022142,2022-12-11(日),3,440572602,1636406391,1,3,13,16,21,27
2022143,2022-12-13(二),3,397641696,1612687877,7,8,13,29,30,33
2022144,2022-12-15(四),5,400859910,1615187506,7,20,22,23,31,32
2022145,2022-12-18(日),11,366333090,1651431252,3,21,25,30,31,33
2022146,2022-12-20(二),6,319241960,1643604313,6,7,13,18,26,31
2022147,2022-12-22(四),10,308727648,1587565859,2,3,7,13,20,30
2022148,2022-12-25(日),14,328466772,1596182866,2,15,16,17,21,31
2022149,2022-12-27(二),14,305443962,1619210281,2,22,26,29,32,33
2022150,2022-12-29(四),5,322732470,1613770461,1,7,11,12,22,28
2023001,2023-01-01(日),2,349018800,1631485850,9,16,18,22,28,32
2023002,2023-01-03(二),13,317440920,1652047889,2,6,10,16,18,22
2023003,2023-01-05(四),6,332514694,1656261800,5,8,18,25,30,32
2023004,2023-01-08(日),16,362777504,1670832253,1,7,15,16,20,25
2023005,2023-01-10(二),16,331127174,1726038229,2,6,8,13,14,19
2023006,2023-01-12(四),5,341187596,1711353726,2,10,12,14,24,26
2023007,2023-01-15(日),3,357680590,1745872298,5,6,9,22,25,31
2023008,2023-01-17(二),6,367864780,1753087580,5,13,18,20,26,28
2023009,2023-01-29(日),6,370445322,1812003410,3,4,19,23,30,32
2023010,2023-01-31(二),12,335698884,1813355120,4,5,13,18,27,29
2023011,2023-02-02(四),4,344777252,1790457577,6,7,16,17,21,22
2023012,2023-02-05(日),6,377681908,1776074467,3,4,7,22,26,30
2023013,2023-02-07(二),13,351959204,1832147989,6,10,14,22,23,33
2023014,2023-02-09(四),5,354854954,1855218930,6,7,18,23,27,30
2023015,2023-02-12(日),8,392727530,1840337997,2,3,14,21,29,32
2023016,2023-02-14(二),3,363237418,1890499018,14,16,19,23,28,30
2023017,2023-02-16(四),12,385010210,1912869860,5,11,18,20,26,28
2023018,2023-02-19(日),13,428078014,1996089903,10,12,17,19,25,31
2023019,2023-02-21(二),15,399695170,2024791190,6,12,26,28,29,32
2023020,2023-02-23(四),5,394774502,2083313411,1,12,17,18,26,27
2023021,2023-02-26(日),4,430229092,2042737116,2,5,6,19,21,27
2023022,2023-02-28(二),3,393991274,2109715322,10,11,18,19,23,31
2023023,2023-03-02(四),9,394377912,1904715322,5,8,10,15,24,25
2023024,2023-03-05(日),3,424465912,1857117376,3,6,9,17,27,28
2023025,2023-03-07(二),14,383537242,1861412948,4,16,20,21,31,32
2023026,2023-03-09(四),3,382398740,1865260832,1,18,26,30,31,33
2023027,2023-03-12(日),8,405939502,1887143965,8,10,22,27,32,33
2023028,2023-03-14(二),14,378131048,1940352740,5,7,10,17,20,22
2023029,2023-03-16(四),8,373970632,1968119308,3,7,12,24,28,33
2023030,2023-03-19(日),6,407635670,1984712961,2,3,7,16,30,31
2023031,2023-03-21(二),5,377795536,2031724589,7,14,27,29,31,33
2023032,2023-03-23(四),1,378271328,2004521709,6,19,20,26,28,33
2023033,2023-03-26(日),5,407044870,2042293077,8,9,13,23,24,26
2023034,2023-03-28(二),15,371464196,2074219579,2,3,9,11,12,17
2023035,2023-03-30(四),6,376157550,2075773039,1,4,9,10,20,33
2023036,2023-04-02(日),9,402105258,1993133574,13,14,18,19,24,30
2023037,2023-04-04(二),12,357460864,1956183761,8,23,25,26,29,31
2023038,2023-04-06(四),8,368841578,1948188487,2,9,14,17,31,33
2023039,2023-04-09(日),9,409186858,1976860679,2,3,9,13,19,28
2023040,2023-04-11(二),8,372777348,2006881397,9,16,17,24,29,31
2023041,2023-04-13(四),6,379030400,2049048265,1,6,12,13,15,24
2023042,2023-04-16(日),10,406450374,2044443036,10,17,20,23,27,30
2023043,2023-04-18(二),10,370609676,1996962618,5,8,12,20,24,28
2023044,2023-04-20(四),16,375494004,2012948026,2,8,15,22,24,26
2023045,2023-04-23(日),4,398638950,2001600001,3,6,12,21,27,28
2023046,2023-04-25(二),3,364967218,2028047147,6,8,17,25,26,28
2023047,2023-04-27(四),7,373486114,1990369107,5,7,14,23,31,33
2023048,2023-04-30(日),8,362109840,1949270613,2,3,10,24,28,30
2023049,2023-05-02(二),2,328857030,1961601481,5,7,14,23,25,27
2023050,2023-05-04(四),5,359185180,1975368056,2,7,9,14,22,23
2023051,2023-05-07(日),14,388332454,2041647521,22,26,29,30,32,33
2023052,2023-05-09(二),6,358038114,1998828962,3,4,5,8,12,17
2023053,2023-05-11(四),15,364282626,2004355202,1,7,14,20,27,30
2023054,2023-05-14(日),12,394464450,2012386157,5,6,9,10,15,26
2023055,2023-05-16(二),13,370786668,2076855754,3,4,20,23,27,32
2023056,2023-05-18(四),8,372532958,2067478767,8,14,15,18,23,33
2023057,2023-05-21(日),3,396913794,2012616989,2,5,10,17,24,32
2023058,2023-05-23(二),11,372662796,2029768036,10,17,22,26,30,33
2023059,2023-05-25(四),6,374631364,1922748082,2,6,13,22,27,32
2023060,2023-05-28(日),11,402713176,1949837133,9,11,17,19,30,31
2023061,2023-05-30(二),15,365432766,2002747701,1,4,6,11,12,22
2023062,2023-06-01(四),15,359921314,2083569496,11,19,23,24,26,33
2023063,2023-06-04(日),13,390718820,2130039756,4,8,17,20,22,27
2023064,2023-06-06(二),4,358055754,2081628784,1,7,11,12,16,18
2023065,2023-06-08(四),14,364732942,2102299471,2,14,17,20,26,33
2023066,2023-06-11(日),6,393592226,2060647554,2,7,8,10,26,31
2023067,2023-06-13(二),14,364444632,2103312244,1,3,12,19,28,32
2023068,2023-06-15(四),2,370869162,2178451698,11,12,15,18,29,33
2023069,2023-06-18(日),2,396617204,2216379497,12,14,17,20,21,26
2023070,2023-06-20(二),4,358436376,2298227329,3,5,25,31,32,33
2023071,2023-06-22(四),6,335357710,2261306658,5,12,15,19,24,26
2023072,2023-06-25(日),9,390203400,2257958066,2,6,10,24,25,33
2023073,2023-06-27(二),10,360075550,2285628386,1,3,15,16,25,32
2023074,2023-06-29(四),3,358471886,2310559345,2,8,9,18,19,21
2023075,2023-07-02(日),1,382962350,2313625531,13,15,24,28,30,31
2023076,2023-07-04(二),9,349981630,2322659300,3,4,15,18,19,22
2023077,2023-07-06(四),1,351174612,2334509163,7,9,14,22,26,27
2023078,2023-07-09(日),8,376825490,2250465082,6,8,14,19,30,31
2023079,2023-07-11(二),7,352893610,2047443072,5,6,9,12,21,22
2023080,2023-07-13(四),8,363086950,2052579114,1,2,4,9,25,31
2023081,2023-07-16(日),15,387109286,2080743000,1,11,15,16,22,31
2023082,2023-07-18(二),16,355121956,2056167572,4,18,19,24,27,30
2023083,2023-07-20(四),12,360195880,2071700320,7,10,12,16,17,30
2023084,2023-07-23(日),3,386580634,2103633553,9,13,14,17,19,27
2023085,2023-07-25(二),13,356240472,2125713507,11,18,23,24,31,33
2023086,2023-07-27(四),12,357436118,2121686796,8,9,10,22,26,32
2023087,2023-07-30(日),1,381153750,2137498144,2,9,15,17,28,33
2023088,2023-08-01(二),5,350096092,2115425117,1,14,18,26,31,33
2023089,2023-08-03(四),11,354904960,2063540939,8,13,15,27,28,31
2023090,2023-08-06(日),7,384947064,2090904684,1,2,9,26,30,31
2023091,2023-08-08(二),16,358375594,2110673283,16,20,22,26,30,32
2023092,2023-08-10(四),13,357345052,2139476134,3,12,24,25,32,33
2023093,2023-08-13(日),7,382160878,2202132520,10,21,24,25,27,32
2023094,2023-08-15(二),12,353863692,2190138271,6,10,12,14,30,31
2023095,2023-08-17(四),11,357870744,2125574043,3,8,16,17,22,26
2023096,2023-08-20(日),15,387715200,2146953645,8,11,18,26,31,32
2023097,2023-08-22(二),15,357725994,2128843885,1,9,14,19,29,30
2023098,2023-08-24(四),11,362199042,2118259570,2,10,11,14,21,27
2023099,2023-08-27(日),5,390452378,2086416405,9,11,14,19,27,33
2023100,2023-08-29(二),4,359711540,2031278380,5,6,12,15,23,25
2023101,2023-08-31(四),4,370629284,2081108979,1,5,9,15,18,26
2023102,2023-09-03(日),10,408618502,2075541857,1,9,10,13,21,28
2023103,2023-09-05(二),15,370559376,2132500020,5,6,13,24,25,29
2023104,2023-09-07(四),12,371735912,2183510069,10,19,23,25,30,31
2023105,2023-09-10(日),16,405852212,2246893587,1,3,5,26,30,32
2023106,2023-09-12(二),7,375981944,2266428564,7,9,10,20,22,24
2023107,2023-09-14(四),14,377747376,2284128424,3,7,18,25,29,33
2023108,2023-09-17(日),9,414140392,2257216493,1,3,6,8,18,24
2023109,2023-09-19(二),13,372318810,2303849540,6,8,10,13,16,28
2023110,2023-09-21(四),16,375580258,2339391685,2,6,20,25,29,33
2023111,2023-09-24(日),9,404303630,2374902077,5,6,12,17,20,33
2023112,2023-09-26(二),4,369828352,2367099281,9,12,13,22,24,31
2023113,2023-09-28(四),3,373161172,2374279095,1,2,13,18,25,27
2023114,2023-10-05(四),9,370562742,2371779513,7,9,15,16,17,26
2023115,2023-10-08(日),16,399381218,2367018008,2,7,16,21,26,27
2023116,2023-10-10(二),12,373229184,2358302682,2,8,9,13,24,27
2023117,2023-10-12(四),8,382441836,2344668961,2,11,14,17,18,28
2023118,2023-10-15(日),4,416077564,2354656592,1,2,11,19,25,29
2023119,2023-10-17(二),15,379869478,2404112623,1,2,3,19,21,28
2023120,2023-10-19(四),8,382480862,2372742600,3,8,13,24,27,29
2023121,2023-10-22(日),12,412907242,2394462620,2,12,16,25,30,31
2023122,2023-10-24(二),5,383794308,2396234235,7,8,14,18,20,30
2023123,2023-10-26(四),15,385283048,2392642136,10,13,15,22,29,32
2023124,2023-10-29(日),11,417825112,2400872645,2,3,17,18,25,30
2023125,2023-10-31(二),4,386307316,2449910182,11,14,15,27,30,33
2023126,2023-11-02(四),16,394649530,2481110827,10,24,26,28,29,31
2023127,2023-11-05(日),14,415967168,2483723142,3,8,19,22,26,32
2023128,2023-11-07(二),1,381237932,2503346700,7,16,20,21,27,33
2023129,2023-11-09(四),4,473959588,2553859029,8,9,12,17,32,33
2023130,2023-11-12(日),16,497696868,2644338946,4,10,17,22,23,32
2023131,2023-11-14(二),1,466031504,2691287209,6,7,14,20,26,32
2023132,2023-11-16(四),1,474511672,2639577950,3,9,11,15,25,27
2023133,2023-11-19(日),3,517770956,2625290582,4,5,10,14,22,25
2023134,2023-11-21(二),4,484355844,2554169624,5,8,9,17,22,33
2023135,2023-11-23(四),7,486609550,2481542330,5,6,11,13,28,30
2023136,2023-11-26(日),10,525192790,2438516168,3,5,10,21,22,26
2023137,2023-11-28(二),11,492348152,2467775081,3,12,17,19,23,27
2023138,2023-11-30(四),4,492601986,2548652101,3,22,28,30,31,33
2023139,2023-12-03(日),11,521719600,2599513870,12,14,19,21,27,31
2023140,2023-12-05(二),5,480392100,2606606136,3,4,11,14,30,31
2023141,2023-12-07(四),3,493963074,2628135529,1,8,11,12,21,23
2023142,2023-12-10(日),14,507406422,2715709193,2,8,20,21,27,33
2023143,2023-12-12(二),15,460243432,2625542196,5,7,9,16,23,30
2023144,2023-12-14(四),8,461560620,2624782779,12,16,17,22,25,27
2023145,2023-12-17(日),11,488324570,2658009357,7,10,21,22,23,24
2023146,2023-12-19(二),9,449833942,2661725786,2,3,6,11,20,32
2023147,2023-12-21(四),12,432874498,2678144078,5,6,14,16,19,32
2023148,2023-12-24(日),8,454223900,2527599376,3,5,7,9,19,20
2023149,2023-12-26(二),15,405361488,2575173968,2,10,19,24,26,33
2023150,2023-12-28(四),5,411922624,2599366995,10,17,25,26,30,33
2023151,2023-12-31(日),5,452958034,2626575547,1,15,16,20,25,27
2024001,2024-01-02(二),16,397951464,2653241738,3,7,16,26,27,32
2024002,2024-01-04(四),9,402054502,2540785162,4,9,10,17,19,20
2024003,2024-01-07(日),3,428830208,2538504530,1,5,8,13,32,33
2024004,2024-01-09(二),4,397770990,2543934511,9,13,17,18,21,27
2024005,2024-01-11(四),3,407820678,2593104612,5,6,20,23,25,32
2024006,2024-01-14(日),5,430067550,2606624464,7,18,20,21,26,32
2024007,2024-01-16(二),15,391831746,2644219785,4,5,6,7,20,22
2024008,2024-01-18(四),13,390103204,2680260839,8,20,21,23,27,30
2024009,2024-01-21(日),14,409759128,2725560627,1,4,7,10,17,23
2024010,2024-01-23(二),4,372460178,2773122333,11,16,20,21,23,24
2024011,2024-01-25(四),6,382080084,2729590794,8,12,16,20,27,31
2024012,2024-01-28(日),15,406461312,2765382313,1,3,7,18,22,28
2024013,2024-01-30(二),7,368057096,2740765858,1,7,10,14,21,25
2024014,2024-02-01(四),13,369008560,2771158275,1,2,10,22,24,25
2024015,2024-02-04(日),15,391425990,2799740697,3,8,17,18,20,30
2024016,2024-02-06(二),4,398150146,2182164460,7,12,20,24,32,33
2024017,2024-02-18(日),4,408414594,2249152255,4,17,19,20,25,32
2024018,2024-02-20(二),16,362234554,2255582139,6,15,17,24,28,29
2024019,2024-02-22(四),8,362006810,2240147827,5,11,12,16,17,20
2024020,2024-02-25(日),8,401743532,2292837056,3,8,12,14,17,33
2024021,2024-02-27(二),11,387567590,2303552638,4,6,16,17,23,24
2024022,2024-02-29(四),6,388759926,2211765504,2,9,11,14,18,26
2024023,2024-03-03(日),10,429941270,2249424817,1,10,22,25,28,32
2024024,2024-03-05(二),10,389179240,2259827583,3,7,21,24,26,30
2024025,2024-03-07(四),13,399059370,2283708268,8,15,21,22,25,33
2024026,2024-03-10(日),6,431419382,2274290656,4,7,18,19,20,25
2024027,2024-03-12(二),13,398514350,2297410268,2,6,13,27,28,32
2024028,2024-03-14(四),5,400874276,2284805181,3,7,8,11,18,19
2024029,2024-03-17(日),4,433441094,2369816985,12,18,23,25,28,33
2024030,2024-03-19(二),10,398025748,2432825172,1,8,22,25,29,33
2024031,2024-03-21(四),2,401159328,2337825172,9,10,13,25,30,32
2024032,2024-03-24(日),16,413703736,2337606504,1,3,4,11,12,21
2024033,2024-03-26(二),5,374362318,2373391338,6,10,11,18,20,32
2024034,2024-03-28(四),4,385412112,2343160918,2,9,12,19,21,31
2024035,2024-03-31(日),6,412436132,2285864323,5,7,14,17,22,32
2024036,2024-04-02(二),2,375133272,2277496852,2,8,9,12,21,31
2024037,2024-04-04(四),13,356283280,2327021985,1,4,5,6,12,14
2024038,2024-04-07(日),2,403976694,2387854012,8,10,18,23,27,31
2024039,2024-04-09(二),10,381702830,2381952370,2,6,12,29,30,31
2024040,2024-04-11(四),2,386011398,2403776297,11,14,18,19,23,26
2024041,2024-04-14(日),16,412186810,2126335214,2,9,12,22,25,33
2024042,2024-04-16(二),14,385020364,2209117678,2,4,5,14,26,32
2024043,2024-04-18(四),8,379945476,2195139699,4,6,7,14,15,24
2024044,2024-04-21(日),6,405727312,2217466686,2,6,17,25,32,33
2024045,2024-04-23(二),3,379451774,2197753504,2,8,19,23,24,26
2024046,2024-04-25(四),15,382103034,2226410188,2,6,10,11,17,29
2024047,2024-04-28(日),15,405356264,2162261379,7,8,21,26,29,30
2024048,2024-04-30(二),2,351928312,2179284324,2,9,15,19,26,28
2024049,2024-05-02(四),11,330045974,2211638785,12,15,17,23,26,32
2024050,2024-05-05(日),2,388201440,2207601984,1,3,7,10,22,33
2024051,2024-05-07(二),6,367939562,2178038182,5,9,13,20,23,28
2024052,2024-05-09(四),3,373167274,2202835275,7,10,11,15,17,21
2024053,2024-05-12(日),7,395915432,2170866334,7,14,21,22,28,33
2024054,2024-05-14(二),3,367543408,2201149174,8,13,20,25,31,32
2024055,2024-05-16(四),3,377710122,2281302712,2,4,6,7,16,29
2024056,2024-05-19(日),6,397159810,2300641915,5,18,20,24,25,26
2024057,2024-05-21(二),8,365625592,2240160236,3,8,17,18,23,31
2024058,2024-05-23(四),13,369285740,2296535377,8,12,13,17,27,29
2024059,2024-05-26(日),7,390426128,2319757937,1,3,14,25,31,33
2024060,2024-05-28(二),15,358843202,2326589163,1,2,6,10,22,28
2024061,2024-05-30(四),2,364421040,2363723406,1,9,18,22,25,28
2024062,2024-06-02(日),16,390275626,2401489046,1,7,10,16,18,27
2024063,2024-06-04(二),4,362508790,2404350858,7,14,16,23,28,32
2024064,2024-06-06(四),5,365056746,2335560971,6,8,17,18,28,30
2024065,2024-06-09(日),14,373231796,2343254145,3,5,9,10,19,22
2024066,2024-06-11(二),13,348630430,2318622744,8,9,12,22,26,32
2024067,2024-06-13(四),3,359572106,2339018162,1,11,13,17,25,29
2024068,2024-06-16(日),1,382798116,2248589639,1,2,7,19,20,21
2024069,2024-06-18(二),6,349312006,2231662700,6,13,20,21,24,32
2024070,2024-06-20(四),5,355743106,2246917307,4,13,18,20,22,28
2024071,2024-06-23(日),14,377739850,2254015200,2,8,19,28,30,31
2024072,2024-06-25(二),6,342963952,2329358625,1,14,20,21,23,27
2024073,2024-06-27(四),1,351823400,2354261205,3,9,12,18,28,30
2024074,2024-06-30(日),7,375016018,2356767829,7,8,10,22,24,32
2024075,2024-07-02(二),1,345694980,2313225143,3,5,8,18,22,28
2024076,2024-07-04(四),15,348856354,2372414911,3,22,24,27,29,32
2024077,2024-07-07(日),8,369020954,2382512560,1,4,6,14,17,22
2024078,2024-07-09(二),12,342123330,2329005428,5,9,14,21,22,26
2024079,2024-07-11(四),4,351442404,2323420019,2,3,6,7,16,26
2024080,2024-07-14(日),13,375983952,2334815017,6,11,12,27,29,30
2024081,2024-07-16(二),4,351219750,2339593701,1,6,12,17,23,25
2024082,2024-07-18(四),16,350123408,2383370581,1,2,13,16,17,29
2024083,2024-07-21(日),15,378567992,2404993508,3,9,14,29,32,33
2024084,2024-07-23(二),13,347931710,2441854586,1,8,10,13,19,29
2024085,2024-07-25(四),15,345948072,2483142282,1,5,15,21,23,27
2024086,2024-07-28(日),2,369996636,2515631484,17,19,20,23,25,31
2024087,2024-07-30(二),11,346836290,2257713590,3,9,18,19,20,26
2024088,2024-08-01(四),10,354401976,2291698840,3,8,10,17,30,32
2024089,2024-08-04(日),1,380044140,2285367632,3,6,9,15,18,31
2024090,2024-08-06(二),12,350631612,2300572454,7,11,17,24,31,32
2024091,2024-08-08(四),10,356693206,2364340809,13,15,16,19,20,24
2024092,2024-08-11(日),5,370253242,2335461640,3,8,11,12,18,29
2024093,2024-08-13(二),12,348127806,2371195097,1,5,7,11,12,15
2024094,2024-08-15(四),9,350072302,2086195097,6,13,17,22,25,27
2024095,2024-08-18(日),3,385134230,2028443682,4,6,9,14,16,21
2024096,2024-08-20(二),13,352522568,2065127017,2,4,14,18,23,27
2024097,2024-08-22(四),3,354395754,2114497370,4,10,12,13,18,30
2024098,2024-08-25(日),2,381156802,2127859521,3,8,10,20,30,31
2024099,2024-08-27(二),16,344108040,2134776394,4,12,17,24,26,27
2024100,2024-08-29(四),5,348781408,2171115625,13,14,19,20,27,30
2024101,2024-09-01(日),8,374345806,2152170943,8,12,15,17,19,30
2024102,2024-09-03(二),1,344796788,2175308161,9,15,18,21,22,25
2024103,2024-09-05(四),15,346931426,2191849007,12,21,23,27,32,33
2024104,2024-09-08(日),4,373660982,2184380821,5,16,23,24,26,29
2024105,2024-09-10(二),4,342083742,2203602195,2,5,17,19,29,33
2024106,2024-09-12(四),4,347018184,2207462227,3,8,11,22,31,33
2024107,2024-09-15(日),9,354933898,2142473782,1,6,8,13,17,19
2024108,2024-09-17(二),8,323582976,2140826873,1,8,9,23,24,30
2024109,2024-09-19(四),9,343699030,2143362495,3,4,24,28,29,33
2024110,2024-09-22(日),14,368550846,2181209099,4,13,17,23,25,33
2024111,2024-09-24(二),16,339434250,2179758898,1,4,11,12,22,30
2024112,2024-09-26(四),3,348744958,2182909574,8,11,16,25,29,32
2024113,2024-09-29(日),11,377101508,2241743848,4,5,23,24,26,31
2024114,2024-10-06(日),4,354097454,2267175046,7,11,18,24,27,32
2024115,2024-10-08(二),7,341744330,2137644946,3,10,11,19,27,28
2024116,2024-10-10(四),3,352746618,2192343800,1,15,20,22,31,32
2024117,2024-10-13(日),12,376451952,2223422878,3,12,14,16,29,32
2024118,2024-10-15(二),14,342882326,2257480299,2,3,4,6,11,15
2024119,2024-10-17(四),14,343140726,2308462079,2,9,26,27,31,32
2024120,2024-10-20(日),7,364140764,2266839986,1,5,7,11,18,19
2024121,2024-10-22(二),3,341159894,2256645443,1,7,10,13,27,33
2024122,2024-10-24(四),15,352551896,2257311684,5,7,9,16,17,29
2024123,2024-10-27(日),4,375813786,2276426310,2,15,22,26,30,33
2024124,2024-10-29(二),11,346613892,2296856893,2,14,15,17,25,30
2024125,2024-10-31(四),3,351905686,2302578322,1,4,13,18,26,30
2024126,2024-11-03(日),10,473613616,2326364768,14,18,23,24,26,33
2024127,2024-11-05(二),10,438566712,2375510386,2,5,13,20,27,32
2024128,2024-11-07(四),16,445426800,2453113294,1,8,13,18,20,26
2024129,2024-11-10(日),1,479114118,2441971585,9,10,13,19,24,32
2024130,2024-11-12(二),16,439889754,2477625267,1,8,12,17,19,24
2024131,2024-11-14(四),13,435463406,2463553435,4,5,11,15,20,32
2024132,2024-11-17(日),3,471463176,2503891643,1,4,25,27,28,33
2024133,2024-11-19(二),1,432267736,2467409931,1,11,15,27,30,33
2024134,2024-11-21(四),16,439880754,2554819300,2,4,13,16,18,20
2024135,2024-11-24(日),13,465732500,2530793029,5,11,17,18,30,31
2024136,2024-11-26(二),3,429233698,2537583064,3,11,15,21,25,26
2024137,2024-11-28(四),12,446966366,2243778557,4,9,10,19,26,27
2024138,2024-12-01(日),2,491074898,2200503777,2,7,11,21,27,28
2024139,2024-12-03(二),14,456605906,2219122799,15,16,20,22,23,29
2024140,2024-12-05(四),15,459136590,2261925902,4,7,8,17,22,26
2024141,2024-12-08(日),12,481535824,2238110251,1,2,7,15,24,29
2024142,2024-12-10(二),6,441190576,2200464970,4,6,13,21,22,25
2024143,2024-12-12(四),10,463226948,2225060896,2,5,11,22,30,33
2024144,2024-12-15(日),11,491869822,2201545229,2,9,11,17,20,30
2024145,2024-12-17(二),3,451419346,2203223647,1,3,16,22,23,30
2024146,2024-12-19(四),10,413166618,2131435845,2,4,11,22,27,32
2024147,2024-12-22(日),10,438660552,2158588347,5,11,13,16,21,30
2024148,2024-12-24(二),11,412346050,2188407705,2,6,15,16,21,23
2024149,2024-12-26(四),16,411127632,2219207042,3,9,16,17,18,22
2024150,2024-12-29(日),2,434694410,2266121359,13,14,20,22,26,32
2024151,2024-12-31(二),4,428356574,2263285189,5,10,16,19,29,32
2025001,2025-01-02(四),16,404437376,1792900594,2,3,17,18,22,33
2025002,2025-01-05(日),11,439670530,1854289576,9,12,13,15,22,26
2025003,2025-01-07(二),15,396515706,1885210987,10,19,20,26,28,29
2025004,2025-01-09(四),4,391221400,1887440945,3,7,17,27,29,32
2025005,2025-01-12(日),9,424386010,1858064417,10,16,19,27,28,30
2025006,2025-01-14(二),6,388340672,1824655469,1,7,8,17,20,22
2025007,2025-01-16(四),11,388819806,1861548871,7,8,14,18,21,27
2025008,2025-01-19(日),11,419205612,1942395126,9,14,16,17,25,33
2025009,2025-01-21(二),6,375791606,1921378198,2,4,11,12,23,25
2025010,2025-01-23(四),8,385376562,1767703481,4,6,7,16,17,21
2025011,2025-01-26(日),11,460490078,1811025553,6,13,17,22,24,29
2025012,2025-02-06(四),11,384392632,1841105218,7,11,13,18,27,31
2025013,2025-02-09(日),14,400862420,1866519971,4,14,16,23,24,30
2025014,2025-02-11(二),5,376048608,1847958110,6,7,9,13,21,27
2025015,2025-02-13(四),15,381850646,1778497050,4,11,15,24,25,33
2025016,2025-02-16(日),14,422332862,1818910823,2,3,12,16,20,29
2025017,2025-02-18(二),5,385907866,1857043294,4,12,15,18,28,29
2025018,2025-02-20(四),11,389691430,1842439055,3,9,18,21,28,29
